Country Name,Country Code,Year,Urban Population (%),Croissance du PIB (%Â annuel)
Aruba,ABW,2000,46.717,7.62292064930222
Afghanistan,AFG,2000,22.078,
Angola,AGO,2000,50.087,3.05462423430785
Burundi,BDI,2000,8.246,-0.856864058424151
Burkina Faso,BFA,2000,17.844,1.88847388906525
Bangladesh,BGD,2000,23.59,5.29329471892532
Belize,BLZ,2000,45.398,12.2404595814526
Botswana,BWA,2000,53.219,1.98769583378552
Canada,CAN,2000,79.478,5.13853918593026
Cabo Verde,CPV,2000,53.435,14.2848688450919
Costa Rica,CRI,2000,59.052,3.86871808953644
Cuba,CUB,2000,75.323,5.9147601740486
Curacao,CUW,2000,90.752,
Djibouti,DJI,2000,76.532,
France,FRA,2000,75.871,4.14099999646893
Gabon,GAB,2000,78.879,-1.88296639760897
Ghana,GHA,2000,43.929,3.70000008164408
Gibraltar,GIB,2000,100.0,
Guatemala,GTM,2000,45.332,3.6088687174876
Guam,GUM,2000,93.129,
Guyana,GUY,2000,28.694,-1.36380390261873
Honduras,HND,2000,45.458,7.29128815869618
Iraq,IRQ,2000,68.496,16.7961344439661
Kazakhstan,KAZ,2000,56.098,9.80000000214156
Kenya,KEN,2000,19.892,0.599695390807426
Kiribati,KIR,2000,42.958,6.7426567780646
Liechtenstein,LIE,2000,15.13,3.22019308239609
Sri Lanka,LKA,2000,18.38,6.00003315828934
Lesotho,LSO,2000,19.548,3.87554677576694
Luxembourg,LUX,2000,84.216,6.93813024939334
Monaco,MCO,2000,100.0,3.91022992758094
Moldova,MDA,2000,44.589,2.10771608200733
Madagascar,MDG,2000,27.121,4.45685893956946
Maldives,MDV,2000,27.706,3.84581023205122
Mali,MLI,2000,28.356,-0.0608349718131223
Myanmar,MMR,2000,27.025,13.7459305561226
Mozambique,MOZ,2000,29.098,0.766234955773442
Malawi,MWI,2000,14.61,1.57607762407667
Niger,NER,2000,16.186,-1.20847774100575
Nicaragua,NIC,2000,55.185,4.10159025073438
Nauru,NRU,2000,100.0,-6.85619323247066
Oman,OMN,2000,71.569,6.19241063695442
Pakistan,PAK,2000,32.982,4.2600880111325
Panama,PAN,2000,62.198,4.20900547865375
Philippines,PHL,2000,46.135,4.38250483347254
Portugal,PRT,2000,54.399,3.81617756423182
Paraguay,PRY,2000,55.331,-2.31414056819045
Qatar,QAT,2000,96.311,8.02812545191884
Rwanda,RWA,2000,14.926,8.37089593548548
Sierra Leone,SLE,2000,35.626,6.65272965939295
El Salvador,SLV,2000,58.912,1.12790697674419
Suriname,SUR,2000,66.444,2.09999886750489
Eswatini,SWZ,2000,22.686,1.76017376022233
Sint Maarten (Dutch part),SXM,2000,100.0,
Seychelles,SYC,2000,50.433,4.25319834931828
Togo,TGO,2000,32.907,-0.783479610048047
Timor-Leste,TLS,2000,24.263,58.0780959334582
Tonga,TON,2000,23.012,3.75409227660795
Tuvalu,TUV,2000,46.018,-0.970489205783323
Ukraine,UKR,2000,67.145,5.90000000024899
Uruguay,URY,2000,92.028,-1.92993063549235
Viet Nam,VNM,2000,24.374,6.78731640463151
Vanuatu,VUT,2000,21.673,5.92480905652914
Samoa,WSM,2000,21.977,5.09304469244418
Kosovo,XKX,2000,,
Zimbabwe,ZWE,2000,33.758,-3.05918974918634
Aruba,ABW,2001,46.339,4.1820016304779
Afghanistan,AFG,2001,22.169,-9.4319740700862
Angola,AGO,2001,51.274,4.2059985561951
Burundi,BDI,2001,8.461,2.05580710835243
Burkina Faso,BFA,2001,18.54,6.61340574539679
Bangladesh,BGD,2001,24.096,5.07728777526728
Belize,BLZ,2001,45.381,4.99396775490806
Botswana,BWA,2001,54.062,0.250573949689084
Canada,CAN,2001,79.81,1.87509813216803
Cabo Verde,CPV,2001,54.291,2.23165454528898
Costa Rica,CRI,2001,60.41,3.49116989434005
Cuba,CUB,2001,75.555,3.18502990449461
Curacao,CUW,2001,91.011,-0.695753704098053
Djibouti,DJI,2001,76.578,
France,FRA,2001,76.127,1.89946700332246
Gabon,GAB,2001,79.633,2.13523342197423
Ghana,GHA,2001,44.601,4.00000012807919
Gibraltar,GIB,2001,100.0,
Guatemala,GTM,2001,45.668,2.33257486608854
Guam,GUM,2001,93.233,
Guyana,GUY,2001,28.606,2.2795216592191
Honduras,HND,2001,45.964,2.72319327321379
Iraq,IRQ,2001,68.55,1.76660876568174
Kazakhstan,KAZ,2001,56.171,13.4999999984358
Kenya,KEN,2001,20.239,3.77990649795343
Kiribati,KIR,2001,43.473,-3.14412042085681
Liechtenstein,LIE,2001,14.962,-0.733092455297992
Sri Lanka,LKA,2001,18.365,-1.54540813366026
Lesotho,LSO,2001,20.067,3.56158183392093
Luxembourg,LUX,2001,84.843,3.07435499929876
Monaco,MCO,2001,100.0,2.18773369040099
Moldova,MDA,2001,44.189,6.10000039929173
Madagascar,MDG,2001,27.391,5.98023576982733
Maldives,MDV,2001,28.859,-3.94363428947102
Mali,MLI,2001,29.075,15.3762394579174
Myanmar,MMR,2001,27.208,11.3439970699605
Mozambique,MOZ,2001,29.277,12.8516820207736
Malawi,MWI,2001,14.698,-4.97496361701022
Niger,NER,2001,16.26,7.26813490213235
Nicaragua,NIC,2001,55.335,2.96084349057273
Nauru,NRU,2001,100.0,-6.76111724714301
Oman,OMN,2001,71.549,4.61316649389876
Pakistan,PAK,2001,33.18,3.65135017083765
Panama,PAN,2001,62.497,0.949908149985234
Philippines,PHL,2001,46.05,3.04923150985866
Portugal,PRT,2001,55.044,1.94367215368429
Paraguay,PRY,2001,55.966,-0.834054716746095
Qatar,QAT,2001,96.506,3.89818666233907
Rwanda,RWA,2001,15.829,8.4845603416011
Sierra Leone,SLE,2001,35.867,-6.34545540326552
El Salvador,SLV,2001,59.464,0.879613659882722
Suriname,SUR,2001,66.517,4.20000042083539
Eswatini,SWZ,2001,22.555,1.05476490606897
Sint Maarten (Dutch part),SXM,2001,100.0,
Seychelles,SYC,2001,50.646,-2.27116288552982
Togo,TGO,2001,33.356,0.823438752111855
Timor-Leste,TLS,2001,24.619,16.3513809203446
Tonga,TON,2001,23.041,1.49248296045958
Tuvalu,TUV,2001,46.429,0.0
Ukraine,UKR,2001,67.183,8.80000000367222
Uruguay,URY,2001,92.303,-3.84412995940374
Viet Nam,VNM,2001,24.937,6.19289331233377
Vanuatu,VUT,2001,21.953,-3.39758248938256
Samoa,WSM,2001,22.068,7.39012906172989
Kosovo,XKX,2001,,
Zimbabwe,ZWE,2001,34.17,1.43961539576736
Aruba,ABW,2002,45.972,-0.944953481157384
Afghanistan,AFG,2002,22.261,28.6000011706788
Angola,AGO,2002,52.461,13.6656887608562
Burundi,BDI,2002,8.682,4.44651941224797
Burkina Faso,BFA,2002,19.258,4.35296382988099
Bangladesh,BGD,2002,24.756,3.83312393993225
Belize,BLZ,2002,45.364,5.39712385528743
Botswana,BWA,2002,54.57,6.06953087648317
Canada,CAN,2002,79.888,2.9992553495694
Cabo Verde,CPV,2002,55.146,5.25089116960211
Costa Rica,CRI,2002,61.753,3.41687639041064
Cuba,CUB,2002,75.785,1.42482126141282
Curacao,CUW,2002,90.894,0.397065216763636
Djibouti,DJI,2002,76.624,
France,FRA,2002,76.38,1.06775025028361
Gabon,GAB,2002,80.368,-0.249033168543434
Ghana,GHA,2002,45.275,4.49999955900331
Gibraltar,GIB,2002,100.0,
Guatemala,GTM,2002,46.005,3.83928708556792
Guam,GUM,2002,93.334,
Guyana,GUY,2002,28.518,1.13262696199476
Honduras,HND,2002,46.61,3.75433786119939
Iraq,IRQ,2002,68.604,-8.20370481187175
Kazakhstan,KAZ,2002,56.244,9.79999999960842
Kenya,KEN,2002,20.591,0.546859530175595
Kiribati,KIR,2002,43.492,1.44715639896809
Liechtenstein,LIE,2002,14.906,-0.993919947159299
Sri Lanka,LKA,2002,18.349,3.96467568513113
Lesotho,LSO,2002,20.597,0.723836067167127
Luxembourg,LUX,2002,85.299,3.2254168997208
Monaco,MCO,2002,100.0,1.02649757327522
Moldova,MDA,2002,43.789,7.79999965773833
Madagascar,MDG,2002,27.663,-12.4079711055149
Maldives,MDV,2002,30.042,7.26838641001544
Mali,MLI,2002,29.806,3.10630825205686
Myanmar,MMR,2002,27.391,12.0255134340315
Mozambique,MOZ,2002,29.457,9.66850534669427
Malawi,MWI,2002,14.786,1.70000002948947
Niger,NER,2002,16.255,4.91847057594622
Nicaragua,NIC,2002,55.484,0.753938876079573
Nauru,NRU,2002,100.0,-9.97126890998523
Oman,OMN,2002,71.529,-0.784165786429256
Pakistan,PAK,2002,33.38,2.59481668445784
Panama,PAN,2002,62.794,2.50884372716125
Philippines,PHL,2002,45.965,3.71625500158383
Portugal,PRT,2002,55.666,0.770924879289495
Paraguay,PRY,2002,56.6,-0.0214043949985694
Qatar,QAT,2002,96.692,7.18215168021513
Rwanda,RWA,2002,16.777,13.1920736254262
Sierra Leone,SLE,2002,36.109,26.5241348883315
El Salvador,SLV,2002,60.014,1.57291844759789
Suriname,SUR,2002,66.591,2.80000068850687
Eswatini,SWZ,2002,22.425,4.380099087901
Sint Maarten (Dutch part),SXM,2002,100.0,
Seychelles,SYC,2002,50.876,1.21283290259314
Togo,TGO,2002,33.809,3.82662257675142
Timor-Leste,TLS,2002,24.979,-6.70365182412642
Tonga,TON,2002,23.069,4.42922912508081
Tuvalu,TUV,2002,46.841,9.52380952380953
Ukraine,UKR,2002,67.283,5.33964720719075
Uruguay,URY,2002,92.569,-7.73200721540044
Viet Nam,VNM,2002,25.511,6.32082099160833
Vanuatu,VUT,2002,22.235,-5.19831875936035
Samoa,WSM,2002,21.941,5.65195919890348
Kosovo,XKX,2002,,
Zimbabwe,ZWE,2002,34.585,-8.89402363141309
Aruba,ABW,2003,45.606,1.11050459944282
Afghanistan,AFG,2003,22.353,8.83227780288267
Angola,AGO,2003,53.645,2.99000000000001
Burundi,BDI,2003,8.908,-1.22372796023444
Burkina Faso,BFA,2003,19.996,7.80249388870359
Bangladesh,BGD,2003,25.429,4.73956739963045
Belize,BLZ,2003,45.347,9.66665565429979
Botswana,BWA,2003,55.029,4.62589474959299
Canada,CAN,2003,79.967,1.80638513484521
Cabo Verde,CPV,2003,55.997,4.17625932578332
Costa Rica,CRI,2003,63.08,4.31717986636224
Cuba,CUB,2003,75.947,3.79274022304334
Curacao,CUW,2003,90.775,0.288186681651752
Djibouti,DJI,2003,76.67,
France,FRA,2003,76.632,0.967827177709708
Gabon,GAB,2003,81.083,2.2473300115045
Ghana,GHA,2003,45.951,5.200000133101
Gibraltar,GIB,2003,100.0,
Guatemala,GTM,2003,46.318,2.56037766801896
Guam,GUM,2003,93.435,0.879314134974734
Guyana,GUY,2003,28.307,-0.632225388266377
Honduras,HND,2003,47.267,4.54703805165397
Iraq,IRQ,2003,68.658,-36.6567804383165
Kazakhstan,KAZ,2003,56.317,9.30000000033759
Kenya,KEN,2003,20.948,2.93247554570904
Kiribati,KIR,2003,43.512,-1.57544438861257
Liechtenstein,LIE,2003,14.85,-1.93756534125014
Sri Lanka,LKA,2003,18.334,5.9402690780223
Lesotho,LSO,2003,21.137,4.55977716384528
Luxembourg,LUX,2003,85.743,2.61937857939165
Monaco,MCO,2003,100.0,1.08753654746801
Moldova,MDA,2003,43.389,6.59999995777716
Madagascar,MDG,2003,27.936,9.78489212474175
Maldives,MDV,2003,31.252,13.7500496588259
Mali,MLI,2003,30.547,9.1190419953243
Myanmar,MMR,2003,27.575,13.8439968903798
Mozambique,MOZ,2003,29.637,7.21770086569656
Malawi,MWI,2003,14.875,5.70563940662771
Niger,NER,2003,16.251,2.1706103837418
Nicaragua,NIC,2003,55.633,2.52073289551447
Nauru,NRU,2003,100.0,0.284637232119849
Oman,OMN,2003,71.509,-2.19466567976842
Pakistan,PAK,2003,33.58,5.40131087314342
Panama,PAN,2003,63.091,5.09686030493801
Philippines,PHL,2003,45.88,5.08691113513073
Portugal,PRT,2003,56.287,-0.930521086276485
Paraguay,PRY,2003,56.977,4.32074548551591
Qatar,QAT,2003,96.868,3.71995867654906
Rwanda,RWA,2003,16.904,2.20238751139603
Sierra Leone,SLE,2003,36.352,9.48363148565812
El Salvador,SLV,2003,60.561,1.56539303147618
Suriname,SUR,2003,66.664,6.29999943314137
Eswatini,SWZ,2003,22.296,3.88021358597115
Sint Maarten (Dutch part),SXM,2003,100.0,
Seychelles,SYC,2003,51.123,-5.88712848764477
Togo,TGO,2003,34.265,6.72017142336034
Timor-Leste,TLS,2003,25.343,-2.18226413236545
Tonga,TON,2003,23.098,0.0518033345819902
Tuvalu,TUV,2003,47.656,-4.34782608695652
Ukraine,UKR,2003,67.427,9.51660986436364
Uruguay,URY,2003,92.828,0.805283915893824
Viet Nam,VNM,2003,26.092,6.89906349055258
Vanuatu,VUT,2003,22.521,4.28833511695458
Samoa,WSM,2003,21.698,5.21262892634149
Kosovo,XKX,2003,,
Zimbabwe,ZWE,2003,34.479,-16.9950747276622
Aruba,ABW,2004,45.24,7.29372807096192
Afghanistan,AFG,2004,22.5,1.41411799339429
Angola,AGO,2004,54.827,10.9500000059465
Burundi,BDI,2004,9.139,4.83365776809453
Burkina Faso,BFA,2004,20.757,4.47845213670386
Bangladesh,BGD,2004,26.114,5.23953291029852
Belize,BLZ,2004,45.33,4.78084048802529
Botswana,BWA,2004,55.488,2.70582170611173
Canada,CAN,2004,80.045,3.09236383456562
Cabo Verde,CPV,2004,56.846,10.197072633926
Costa Rica,CRI,2004,64.388,4.42459959654504
Cuba,CUB,2004,76.041,5.77053807021559
Curacao,CUW,2004,90.655,0.208461073109362
Djibouti,DJI,2004,76.716,
France,FRA,2004,76.883,2.86825057188587
Gabon,GAB,2004,81.778,0.689543058464849
Ghana,GHA,2004,46.63,5.59999999077445
Gibraltar,GIB,2004,100.0,
Guatemala,GTM,2004,46.616,3.13791683609193
Guam,GUM,2004,93.534,6.49378949662236
Guyana,GUY,2004,28.064,1.56335211034042
Honduras,HND,2004,47.927,6.23230296069102
Iraq,IRQ,2004,68.712,53.3855472887501
Kazakhstan,KAZ,2004,56.39,9.60000000136854
Kenya,KEN,2004,21.31,5.10429977629738
Kiribati,KIR,2004,43.532,-0.608968733618624
Liechtenstein,LIE,2004,14.795,3.03917210306501
Sri Lanka,LKA,2004,18.319,5.44506127885352
Lesotho,LSO,2004,21.689,1.69237417358596
Luxembourg,LUX,2004,86.177,4.23189130735582
Monaco,MCO,2004,100.0,2.47048260499609
Moldova,MDA,2004,42.99,7.39999973358189
Madagascar,MDG,2004,28.211,5.25700362208742
Maldives,MDV,2004,32.49,5.81636693266742
Mali,MLI,2004,31.3,1.55999866053489
Myanmar,MMR,2004,27.76,13.5646616163416
Mozambique,MOZ,2004,29.818,8.20470494788577
Malawi,MWI,2004,14.964,5.42049754887381
Niger,NER,2004,16.247,0.363801578722132
Nicaragua,NIC,2004,55.782,5.31217056950739
Nauru,NRU,2004,100.0,-4.31490639604696
Oman,OMN,2004,71.827,1.99251510973346
Pakistan,PAK,2004,33.781,7.83125556961251
Panama,PAN,2004,63.387,8.17565333965649
Philippines,PHL,2004,45.795,6.56922851180626
Portugal,PRT,2004,56.907,1.78873565956201
Paraguay,PRY,2004,57.305,4.05741836363771
Qatar,QAT,2004,97.09,19.2189153397893
Rwanda,RWA,2004,16.908,7.44766737034072
Sierra Leone,SLE,2004,36.596,6.47884601647948
El Salvador,SLV,2004,61.107,0.889404485692197
Suriname,SUR,2004,66.737,8.50000018479413
Eswatini,SWZ,2004,22.166,3.62391422596615
Sint Maarten (Dutch part),SXM,2004,100.0,
Seychelles,SYC,2004,51.388,-2.8504539768538
Togo,TGO,2004,34.724,-0.978665332738743
Timor-Leste,TLS,2004,25.71,0.400003981151968
Tonga,TON,2004,23.127,-1.96794813100712
Tuvalu,TUV,2004,48.678,-2.27272727272727
Ukraine,UKR,2004,67.597,11.7953525281136
Uruguay,URY,2004,93.078,5.00416035564457
Viet Nam,VNM,2004,26.683,7.53641060890386
Vanuatu,VUT,2004,22.809,3.98739280216962
Samoa,WSM,2004,21.457,3.0872602379675
Kosovo,XKX,2004,,
Zimbabwe,ZWE,2004,34.294,-5.80753802273949
Aruba,ABW,2005,44.875,-0.383137672063768
Afghanistan,AFG,2005,22.703,11.2297148272859
Angola,AGO,2005,56.0,15.0299999905513
Burundi,BDI,2005,9.375,0.900000000901912
Burkina Faso,BFA,2005,21.537,8.66187322841225
Bangladesh,BGD,2005,26.809,6.53594493875502
Belize,BLZ,2005,45.313,2.21953884192973
Botswana,BWA,2005,55.944,4.55664565323181
Canada,CAN,2005,80.122,3.21045435651203
Cabo Verde,CPV,2005,57.689,6.91245795720201
Costa Rica,CRI,2005,65.672,3.97666636818026
Cuba,CUB,2005,76.134,11.2016564219094
Curacao,CUW,2005,90.534,0.676425345201665
Djibouti,DJI,2005,76.761,
France,FRA,2005,77.13,1.88856580217112
Gabon,GAB,2005,82.452,2.67620333310926
Ghana,GHA,2005,47.308,5.90000381855104
Gibraltar,GIB,2005,100.0,
Guatemala,GTM,2005,46.913,3.27602692588886
Guam,GUM,2005,93.631,3.64231634949867
Guyana,GUY,2005,27.822,-1.95095759501714
Honduras,HND,2005,48.585,6.05059922215973
Iraq,IRQ,2005,68.766,1.67522863586828
Kazakhstan,KAZ,2005,56.463,9.69999999922682
Kenya,KEN,2005,21.675,5.90666607980057
Kiribati,KIR,2005,43.551,1.2924220970469
Liechtenstein,LIE,2005,14.739,4.82807677743524
Sri Lanka,LKA,2005,18.303,6.24174804376447
Lesotho,LSO,2005,22.249,3.46612222755311
Luxembourg,LUX,2005,86.598,2.48287474811472
Monaco,MCO,2005,100.0,1.89541410859198
Moldova,MDA,2005,42.775,7.5000001493726
Madagascar,MDG,2005,28.814,4.75584509499119
Maldives,MDV,2005,33.75,-11.2231662144758
Mali,MLI,2005,32.06,6.53477877481288
Myanmar,MMR,2005,27.946,13.5689500216456
Mozambique,MOZ,2005,29.999,6.31202378023193
Malawi,MWI,2005,15.054,3.26872602144516
Niger,NER,2005,16.242,7.33186884258517
Nicaragua,NIC,2005,55.935,4.28239833770654
Nauru,NRU,2005,100.0,-0.355648874471498
Oman,OMN,2005,72.4,2.77944360306151
Pakistan,PAK,2005,33.982,7.2765744364722
Panama,PAN,2005,63.682,8.27618334503531
Philippines,PHL,2005,45.71,4.94250511877678
Portugal,PRT,2005,57.522,0.781847757598996
Paraguay,PRY,2005,57.633,2.13349066459601
Qatar,QAT,2005,97.396,7.49275848279068
Rwanda,RWA,2005,16.912,9.3778991673686
Sierra Leone,SLE,2005,36.919,4.35349994988408
El Salvador,SLV,2005,61.648,2.68083009363194
Suriname,SUR,2005,66.682,4.50000021086888
Eswatini,SWZ,2005,22.038,5.99877654987948
Sint Maarten (Dutch part),SXM,2005,100.0,
Seychelles,SYC,2005,51.67,9.0057617374238
Togo,TGO,2005,35.185,-4.66629938413338
Timor-Leste,TLS,2005,26.041,2.98457963807486
Tonga,TON,2005,23.155,-0.657653748801707
Tuvalu,TUV,2005,49.699,-4.65116279069767
Ukraine,UKR,2005,67.79,3.07123039245209
Uruguay,URY,2005,93.319,7.4601321302473
Viet Nam,VNM,2005,27.281,7.54724772895918
Vanuatu,VUT,2005,23.099,5.30532647259227
Samoa,WSM,2005,21.218,6.63920361300734
Kosovo,XKX,2005,,
Zimbabwe,ZWE,2005,34.11,-5.71108370650353
Aruba,ABW,2006,44.511,1.12741146411624
Afghanistan,AFG,2006,22.907,5.35740324748592
Angola,AGO,2006,56.764,11.549999997879
Burundi,BDI,2006,9.617,5.41380714491444
Burkina Faso,BFA,2006,22.339,6.25316468817478
Bangladesh,BGD,2006,27.517,6.67190498576788
Belize,BLZ,2006,45.296,4.5114473758227
Botswana,BWA,2006,56.4,8.36387109282306
Canada,CAN,2006,80.213,2.6379438004107
Cabo Verde,CPV,2006,58.529,7.98375044795048
Costa Rica,CRI,2006,66.935,7.3266954325067
Cuba,CUB,2006,76.227,12.0658631129953
Curacao,CUW,2006,90.411,1.63593468987035
Djibouti,DJI,2006,76.807,
France,FRA,2006,77.377,2.7140645179325
Gabon,GAB,2006,83.107,-2.80657835569052
Ghana,GHA,2006,47.988,6.39991260618034
Gibraltar,GIB,2006,100.0,
Guatemala,GTM,2006,47.21,5.35139778711536
Guam,GUM,2006,93.727,-3.65251727541954
Guyana,GUY,2006,27.582,5.12960934773
Honduras,HND,2006,49.245,6.56724355177587
Iraq,IRQ,2006,68.819,5.63829915220637
Kazakhstan,KAZ,2006,56.536,10.7
Kenya,KEN,2006,22.045,6.47249430015484
Kiribati,KIR,2006,44.03,5.77691463377204
Liechtenstein,LIE,2006,14.684,8.64496857267281
Sri Lanka,LKA,2006,18.288,7.66829190107919
Lesotho,LSO,2006,22.82,4.23009522805209
Luxembourg,LUX,2006,87.009,6.01671504402741
Monaco,MCO,2006,100.0,5.81764849670007
Moldova,MDA,2006,42.744,4.79999983670831
Madagascar,MDG,2006,29.425,5.3985084485368
Maldives,MDV,2006,34.794,23.6057982839176
Mali,MLI,2006,32.832,4.66218687758322
Myanmar,MMR,2006,28.132,13.0761013792372
Mozambique,MOZ,2006,30.182,9.91067756782915
Malawi,MWI,2006,15.144,4.69999976528102
Niger,NER,2006,16.238,5.93104997350342
Nicaragua,NIC,2006,56.132,4.15319958790397
Nauru,NRU,2006,100.0,8.32876080572269
Oman,OMN,2006,72.967,4.66981481939328
Pakistan,PAK,2006,34.184,6.05163767569996
Panama,PAN,2006,63.976,9.85723870564752
Philippines,PHL,2006,45.625,5.31641682136939
Portugal,PRT,2006,58.137,1.62503463813644
Paraguay,PRY,2006,57.96,4.80711719268376
Qatar,QAT,2006,97.671,26.1702456703032
Rwanda,RWA,2006,16.917,9.22707576798881
Sierra Leone,SLE,2006,37.303,4.28311044472458
El Salvador,SLV,2006,62.187,4.3369986028604
Suriname,SUR,2006,66.615,5.79354358463304
Eswatini,SWZ,2006,21.91,5.99216683783499
Sint Maarten (Dutch part),SXM,2006,100.0,
Seychelles,SYC,2006,51.969,9.40612855732827
Togo,TGO,2006,35.649,2.65013209943473
Timor-Leste,TLS,2006,26.374,-4.11609268942114
Tonga,TON,2006,23.184,-2.16566628881468
Tuvalu,TUV,2006,50.721,2.4390243902439
Ukraine,UKR,2006,67.969,7.57142076322967
Uruguay,URY,2006,93.553,4.09857735445401
Viet Nam,VNM,2006,27.888,6.97795481056711
Vanuatu,VUT,2006,23.392,8.46069747205426
Samoa,WSM,2006,20.981,2.13212714677351
Kosovo,XKX,2006,,
Zimbabwe,ZWE,2006,33.926,-3.46149518781378
Aruba,ABW,2007,44.147,3.0895443848509
Afghanistan,AFG,2007,23.113,13.8263195471281
Angola,AGO,2007,57.524,14.0100000086059
Burundi,BDI,2007,9.864,3.45194856381943
Burkina Faso,BFA,2007,22.996,4.11137901761516
Bangladesh,BGD,2007,28.237,7.05859935449848
Belize,BLZ,2007,45.279,3.35324829108133
Botswana,BWA,2007,57.928,5.79255577727118
Canada,CAN,2007,80.396,2.04990461109004
Cabo Verde,CPV,2007,59.363,15.1706879735517
Costa Rica,CRI,2007,68.174,8.21513198348715
Cuba,CUB,2007,76.32,7.26213696647943
Curacao,CUW,2007,90.287,2.46996322836787
Djibouti,DJI,2007,76.853,
France,FRA,2007,77.621,2.53048186196499
Gabon,GAB,2007,83.742,6.00810802487668
Ghana,GHA,2007,48.669,4.34681910440079
Gibraltar,GIB,2007,100.0,
Guatemala,GTM,2007,47.508,6.33771869016203
Guam,GUM,2007,93.822,0.717213114754102
Guyana,GUY,2007,27.343,7.19123624057457
Honduras,HND,2007,49.905,6.18832716678008
Iraq,IRQ,2007,68.873,1.88853936243953
Kazakhstan,KAZ,2007,56.609,8.89999999999405
Kenya,KEN,2007,22.42,6.85072976998784
Kiribati,KIR,2007,44.866,3.05509783976137
Liechtenstein,LIE,2007,14.629,3.325963509369
Sri Lanka,LKA,2007,18.272,6.79682611892866
Lesotho,LSO,2007,23.304,4.18791409957151
Luxembourg,LUX,2007,87.409,8.0986676066054
Monaco,MCO,2007,100.0,14.4375144375144
Moldova,MDA,2007,42.713,3.00000022585525
Madagascar,MDG,2007,30.043,5.71056419885052
Maldives,MDV,2007,35.2,7.1234276596343
Mali,MLI,2007,33.612,3.49361681253744
Myanmar,MMR,2007,28.319,11.9914352402146
Mozambique,MOZ,2007,30.364,7.64935393795867
Malawi,MWI,2007,15.235,9.59999987626705
Niger,NER,2007,16.234,3.14272408386731
Nicaragua,NIC,2007,56.328,5.07581749945302
Nauru,NRU,2007,100.0,-22.1853049779967
Oman,OMN,2007,73.527,4.98065467051528
Pakistan,PAK,2007,34.387,4.4448143398844
Panama,PAN,2007,64.268,13.1530653782933
Philippines,PHL,2007,45.54,6.51929155018938
Portugal,PRT,2007,58.749,2.50657971505967
Paraguay,PRY,2007,58.286,5.42162287218235
Qatar,QAT,2007,97.917,17.9856568160263
Rwanda,RWA,2007,16.921,7.63329819125276
Sierra Leone,SLE,2007,37.689,7.97656533438359
El Salvador,SLV,2007,62.774,1.84760220587859
Suriname,SUR,2007,66.547,5.11148777773458
Eswatini,SWZ,2007,21.829,4.43537557686975
Sint Maarten (Dutch part),SXM,2007,100.0,
Seychelles,SYC,2007,52.285,8.87606645570879
Togo,TGO,2007,36.116,-1.17512039224768
Timor-Leste,TLS,2007,26.709,10.2653884542201
Tonga,TON,2007,23.227,-2.46430781206183
Tuvalu,TUV,2007,51.743,7.14285714285714
Ukraine,UKR,2007,68.147,8.21584445165715
Uruguay,URY,2007,93.779,6.54151084504817
Viet Nam,VNM,2007,28.504,7.12950448605439
Vanuatu,VUT,2007,23.687,2.8758922877538
Samoa,WSM,2007,20.75,0.485982550017255
Kosovo,XKX,2007,,
Zimbabwe,ZWE,2007,33.743,-3.65332683535506
Aruba,ABW,2008,43.783,1.83575517191368
Afghanistan,AFG,2008,23.32,3.92498381999467
Angola,AGO,2008,58.282,11.1699999942146
Burundi,BDI,2008,10.118,4.86171636712641
Burkina Faso,BFA,2008,23.534,5.79999174105387
Bangladesh,BGD,2008,28.968,6.01378975738535
Belize,BLZ,2008,45.262,-1.68211644620352
Botswana,BWA,2008,59.444,3.25207295796832
Canada,CAN,2008,80.578,0.995406309993598
Cabo Verde,CPV,2008,60.194,7.03901129565128
Costa Rica,CRI,2008,69.39,4.73817487754022
Cuba,CUB,2008,76.413,4.11682804164681
Curacao,CUW,2008,90.161,2.18804308019168
Djibouti,DJI,2008,76.899,
France,FRA,2008,77.868,0.380171425522363
Gabon,GAB,2008,84.359,-3.30843064878751
Ghana,GHA,2008,49.351,9.14979893831817
Gibraltar,GIB,2008,100.0,
Guatemala,GTM,2008,47.807,3.29352400028485
Guam,GUM,2008,93.916,2.03458799593082
Guyana,GUY,2008,27.105,1.75522349592019
Honduras,HND,2008,50.566,4.23160011009342
Iraq,IRQ,2008,68.927,8.22810710383277
Kazakhstan,KAZ,2008,56.682,3.30000000021091
Kenya,KEN,2008,22.8,0.232282744812977
Kiribati,KIR,2008,45.706,-2.98473810087906
Liechtenstein,LIE,2008,14.574,1.79808847836411
Sri Lanka,LKA,2008,18.257,5.95008814473897
Lesotho,LSO,2008,23.796,5.52341966978646
Luxembourg,LUX,2008,87.8,-0.30017619444267
Monaco,MCO,2008,100.0,0.746871215179652
Moldova,MDA,2008,42.682,7.80000014541523
Madagascar,MDG,2008,30.67,6.71263253913001
Maldives,MDV,2008,35.61,8.97981687178448
Mali,MLI,2008,34.403,4.77314508142975
Myanmar,MMR,2008,28.507,10.2553053929808
Mozambique,MOZ,2008,30.832,6.87802942560995
Malawi,MWI,2008,15.326,7.63973639933609
Niger,NER,2008,16.229,7.73141422777337
Nicaragua,NIC,2008,56.525,3.43477216304957
Nauru,NRU,2008,100.0,20.3809075924478
Oman,OMN,2008,74.08,8.95005895005896
Pakistan,PAK,2008,34.59,2.1204410433083
Panama,PAN,2008,64.56,10.1974325907958
Philippines,PHL,2008,45.455,4.34448730509183
Portugal,PRT,2008,59.359,0.319247162435317
Paraguay,PRY,2008,58.612,6.4962921197091
Qatar,QAT,2008,98.139,17.6635563626089
Rwanda,RWA,2008,16.925,11.1612473247323
Sierra Leone,SLE,2008,38.077,5.43589304424943
El Salvador,SLV,2008,63.678,2.15440298282768
Suriname,SUR,2008,66.479,4.14340681165626
Eswatini,SWZ,2008,22.045,0.82166391380008
Sint Maarten (Dutch part),SXM,2008,100.0,
Seychelles,SYC,2008,52.619,-2.72594626154864
Togo,TGO,2008,36.587,4.03564527607485
Timor-Leste,TLS,2008,27.048,11.3948048266465
Tonga,TON,2008,23.281,4.86284755682993
Tuvalu,TUV,2008,52.765,6.66666666666667
Ukraine,UKR,2008,68.325,2.24349159628288
Uruguay,URY,2008,93.998,7.17614466455107
Viet Nam,VNM,2008,29.128,5.66177120891362
Vanuatu,VUT,2008,23.985,5.60099182147214
Samoa,WSM,2008,20.524,3.55610467395
Kosovo,XKX,2008,,
Zimbabwe,ZWE,2008,33.56,-17.6689463301054
Aruba,ABW,2009,43.421,-11.6777413693852
Afghanistan,AFG,2009,23.528,21.3905283926492
Angola,AGO,2009,59.034,0.860000002152788
Burundi,BDI,2009,10.376,3.81274536633418
Burkina Faso,BFA,2009,24.079,2.96195085866692
Bangladesh,BGD,2009,29.709,5.04512479919337
Belize,BLZ,2009,45.245,-0.389321468298107
Botswana,BWA,2009,60.937,-14.1442346163423
Canada,CAN,2009,80.758,-2.91508623949733
Cabo Verde,CPV,2009,61.016,-1.50358672385678
Costa Rica,CRI,2009,70.575,-0.873455942787785
Cuba,CUB,2009,76.505,1.4513054307407
Curacao,CUW,2009,90.034,-0.531308242338184
Djibouti,DJI,2009,76.944,
France,FRA,2009,78.117,-2.82455150288962
Gabon,GAB,2009,84.955,0.130331119816617
Ghana,GHA,2009,50.031,4.84448705175076
Gibraltar,GIB,2009,100.0,
Guatemala,GTM,2009,48.104,0.476898106596394
Guam,GUM,2009,94.008,0.438683948155543
Guyana,GUY,2009,26.869,3.61150847218585
Honduras,HND,2009,51.225,-2.43162787988011
Iraq,IRQ,2009,68.98,3.37929909442771
Kazakhstan,KAZ,2009,56.755,1.19999999942873
Kenya,KEN,2009,23.183,3.30693981631089
Kiribati,KIR,2009,46.547,0.536786756099048
Liechtenstein,LIE,2009,14.519,-1.15748291975636
Sri Lanka,LKA,2009,18.242,3.53891205317842
Lesotho,LSO,2009,24.293,-1.25375779920832
Luxembourg,LUX,2009,88.178,-3.23895402683188
Monaco,MCO,2009,100.0,-11.3369865758365
Moldova,MDA,2009,42.651,-6.00000026352828
Madagascar,MDG,2009,31.301,-3.9787086116544
Maldives,MDV,2009,36.021,-8.15776321543765
Mali,MLI,2009,35.2,4.80632226697864
Myanmar,MMR,2009,28.695,10.5500090961932
Mozambique,MOZ,2009,31.328,5.92897187460815
Malawi,MWI,2009,15.429,8.328109852143
Niger,NER,2009,16.225,1.96260090694645
Nicaragua,NIC,2009,56.721,-3.29129212830696
Nauru,NRU,2009,100.0,-5.65193279967315
Oman,OMN,2009,74.624,5.98196694904402
Pakistan,PAK,2009,34.793,3.47255059567348
Panama,PAN,2009,64.851,1.61186405976055
Philippines,PHL,2009,45.371,1.44832306275669
Portugal,PRT,2009,59.964,-3.12207812290546
Paraguay,PRY,2009,58.937,-0.261137328080281
Qatar,QAT,2009,98.336,11.9565611289086
Rwanda,RWA,2009,16.93,6.24825750620508
Sierra Leone,SLE,2009,38.466,3.20943156226356
El Salvador,SLV,2009,64.57,-2.10876837627522
Suriname,SUR,2009,66.412,3.01369898266211
Eswatini,SWZ,2009,22.262,1.56504885243523
Sint Maarten (Dutch part),SXM,2009,100.0,
Seychelles,SYC,2009,52.969,-2.47937594726137
Togo,TGO,2009,37.058,5.45382399262667
Timor-Leste,TLS,2009,27.389,10.1469544183475
Tonga,TON,2009,23.335,-5.12918545677135
Tuvalu,TUV,2009,53.782,-6.25
Ukraine,UKR,2009,68.502,-15.1364679101502
Uruguay,URY,2009,94.209,4.24349419462426
Viet Nam,VNM,2009,29.762,5.39789754014181
Vanuatu,VUT,2009,24.286,3.03730354099602
Samoa,WSM,2009,20.3,-0.541677601834593
Kosovo,XKX,2009,,5.03485413839893
Zimbabwe,ZWE,2009,33.378,12.0195599748423
Aruba,ABW,2010,43.059,-2.73345679250639
Afghanistan,AFG,2010,23.737,14.3624414710737
Angola,AGO,2010,59.783,4.39837593810763
Burundi,BDI,2010,10.642,5.12415999439806
Burkina Faso,BFA,2010,24.633,8.44628157707625
Bangladesh,BGD,2010,30.462,5.57178818533122
Belize,BLZ,2010,45.228,1.11403578740261
Botswana,BWA,2010,62.412,10.1222091179732
Canada,CAN,2010,80.937,3.09080637403602
Cabo Verde,CPV,2010,61.821,1.83641914989978
Costa Rica,CRI,2010,71.736,5.36034352634111
Cuba,CUB,2010,76.597,2.39035229650723
Curacao,CUW,2010,89.905,0.0823066088131412
Djibouti,DJI,2010,76.999,
France,FRA,2010,78.369,2.00032472699981
Gabon,GAB,2010,85.533,7.08988731455126
Ghana,GHA,2010,50.713,7.89971194051621
Gibraltar,GIB,2010,100.0,
Guatemala,GTM,2010,48.403,2.88417542800377
Guam,GUM,2010,94.099,2.26325193567601
Guyana,GUY,2010,26.634,4.13844160137342
Honduras,HND,2010,51.885,3.73114034433009
Iraq,IRQ,2010,69.103,6.40256484471193
Kazakhstan,KAZ,2010,56.827,7.30000000329814
Kenya,KEN,2010,23.571,8.05847360290906
Kiribati,KIR,2010,47.39,1.22596286062763
Liechtenstein,LIE,2010,14.464,
Sri Lanka,LKA,2010,18.226,8.01596737040464
Lesotho,LSO,2010,24.798,5.26967078056286
Luxembourg,LUX,2010,88.547,3.76041359255095
Monaco,MCO,2010,100.0,2.06521962654098
Moldova,MDA,2010,42.62,7.10000010705836
Madagascar,MDG,2010,31.938,0.619239744622121
Maldives,MDV,2010,36.434,6.83547135623688
Mali,MLI,2010,35.999,5.31393527895875
Myanmar,MMR,2010,28.885,9.6344394520444
Mozambique,MOZ,2010,31.83,6.67972935662864
Malawi,MWI,2010,15.544,6.87406585401587
Niger,NER,2010,16.221,8.57816674262253
Nicaragua,NIC,2010,56.917,4.40964549908733
Nauru,NRU,2010,100.0,-0.159976911238559
Oman,OMN,2010,75.161,2.47199856582773
Pakistan,PAK,2010,34.997,1.50171752152883
Panama,PAN,2010,65.14,6.07339353106087
Philippines,PHL,2010,45.332,7.33449996514402
Portugal,PRT,2010,60.567,1.73762451045437
Paraguay,PRY,2010,59.261,11.0952312685521
Qatar,QAT,2010,98.501,19.5923315337859
Rwanda,RWA,2010,16.934,7.33465645006753
Sierra Leone,SLE,2010,38.856,6.63749245827172
El Salvador,SLV,2010,65.452,2.15419536693635
Suriname,SUR,2010,66.344,5.16882515225814
Eswatini,SWZ,2010,22.48,3.79375496828149
Sint Maarten (Dutch part),SXM,2010,100.0,3.19999269219366
Seychelles,SYC,2010,53.336,4.50513204312067
Togo,TGO,2010,37.533,5.85435269410561
Timor-Leste,TLS,2010,27.732,9.33151176629212
Tonga,TON,2010,23.389,0.824396747198833
Tuvalu,TUV,2010,54.796,-2.22222222222223
Ukraine,UKR,2010,68.596,4.09200436668087
Uruguay,URY,2010,94.414,7.8034096507169
Viet Nam,VNM,2010,30.417,6.42324482239482
Vanuatu,VUT,2010,24.462,1.25886720329326
Samoa,WSM,2010,20.078,6.1247199226125
Kosovo,XKX,2010,,4.93995095961395
Zimbabwe,ZWE,2010,33.196,21.4520609184971
Aruba,ABW,2011,42.94,3.36923718421511
Afghanistan,AFG,2011,23.948,0.426354776777345
Angola,AGO,2011,60.528,3.47205314798103
Burundi,BDI,2011,10.915,4.03259998844415
Burkina Faso,BFA,2011,25.196,6.62256261306693
Bangladesh,BGD,2011,31.225,6.46437912497728
Belize,BLZ,2011,45.228,-0.244543781225346
Botswana,BWA,2011,63.865,6.83852974803483
Canada,CAN,2011,81.096,3.13719438973661
Cabo Verde,CPV,2011,62.322,3.92471821338283
Costa Rica,CRI,2011,72.868,4.40315923970431
Cuba,CUB,2011,76.689,2.80230083647626
Curacao,CUW,2011,89.775,0.50845748203723
Djibouti,DJI,2011,77.064,
France,FRA,2011,78.622,2.43757656877079
Gabon,GAB,2011,86.092,7.09175334258654
Ghana,GHA,2011,51.394,14.0471235803149
Gibraltar,GIB,2011,100.0,
Guatemala,GTM,2011,48.701,4.16390688293349
Guam,GUM,2011,94.188,0.0776548243059523
Guyana,GUY,2011,26.4,5.19625156051602
Honduras,HND,2011,52.543,3.83569066207505
Iraq,IRQ,2011,69.268,7.546471200426
Kazakhstan,KAZ,2011,56.9,7.40000000144188
Kenya,KEN,2011,23.969,5.1211061197056
Kiribati,KIR,2011,48.235,3.26374491722632
Liechtenstein,LIE,2011,14.41,
Sri Lanka,LKA,2011,18.211,8.66948301160571
Lesotho,LSO,2011,25.31,4.61641394528752
Luxembourg,LUX,2011,88.906,1.04429869455731
Monaco,MCO,2011,100.0,7.02235694617619
Moldova,MDA,2011,42.589,5.81816614684824
Madagascar,MDG,2011,32.58,1.57842705366555
Maldives,MDV,2011,36.849,8.57269912813135
Mali,MLI,2011,36.799,3.21313378044307
Myanmar,MMR,2011,29.075,5.59148237823661
Mozambique,MOZ,2011,32.336,7.13405842300445
Malawi,MWI,2011,15.672,4.93266999845892
Niger,NER,2011,16.216,2.35775693603874
Nicaragua,NIC,2011,57.113,6.31747638326586
Nauru,NRU,2011,100.0,14.3946334157295
Oman,OMN,2011,76.183,2.89460973541192
Pakistan,PAK,2011,35.202,2.68011685421705
Panama,PAN,2011,65.437,11.9088772249531
Philippines,PHL,2011,45.522,3.85823282420755
Portugal,PRT,2011,61.167,-1.71352750320345
Paraguay,PRY,2011,59.584,4.28637120702282
Qatar,QAT,2011,98.602,13.3751764107929
Rwanda,RWA,2011,16.938,7.95838869847094
Sierra Leone,SLE,2011,39.248,6.00983104607874
El Salvador,SLV,2011,66.325,3.77358499834686
Suriname,SUR,2011,66.276,5.84936767173009
Eswatini,SWZ,2011,22.7,2.2472297610679
Sint Maarten (Dutch part),SXM,2011,100.0,4.60000341415395
Seychelles,SYC,2011,53.72,9.5097833517957
Togo,TGO,2011,38.032,5.82325223658786
Timor-Leste,TLS,2011,28.079,5.95853971210654
Tonga,TON,2011,23.443,6.70370138900074
Tuvalu,TUV,2011,55.807,6.81818181818181
Ukraine,UKR,2011,68.689,5.44528081048476
Uruguay,URY,2011,94.612,5.16213302463606
Viet Nam,VNM,2011,31.08,6.41316889681683
Vanuatu,VUT,2011,24.561,3.13980290023412
Samoa,WSM,2011,19.857,3.84907794660396
Kosovo,XKX,2011,,6.31981022896761
Zimbabwe,ZWE,2011,33.015,14.6202072551987
Aruba,ABW,2012,42.957,-1.04079988436683
Afghanistan,AFG,2012,24.16,12.7522870926697
Angola,AGO,2012,61.268,8.54210707584141
Burundi,BDI,2012,11.194,4.44670633111495
Burkina Faso,BFA,2012,25.767,6.45267237953146
Bangladesh,BGD,2012,31.993,6.52145877906443
Belize,BLZ,2012,45.246,3.73777578617181
Botswana,BWA,2012,64.768,-0.170900761456892
Canada,CAN,2012,81.137,1.75566132540601
Cabo Verde,CPV,2012,62.821,1.08364848376166
Costa Rica,CRI,2012,73.946,4.88259241025739
Cuba,CUB,2012,76.781,3.01490028898772
Curacao,CUW,2012,89.654,-0.34895082430242
Djibouti,DJI,2012,77.138,
France,FRA,2012,78.878,0.183835271019575
Gabon,GAB,2012,86.634,5.25107691750407
Ghana,GHA,2012,52.073,9.2927894063005
Gibraltar,GIB,2012,100.0,
Guatemala,GTM,2012,49.0,2.97470856847661
Guam,GUM,2012,94.277,2.13385063045585
Guyana,GUY,2012,26.4,5.27633062046809
Honduras,HND,2012,53.202,4.12868774866939
Iraq,IRQ,2012,69.432,13.9364301737537
Kazakhstan,KAZ,2012,56.973,4.79999999528297
Kenya,KEN,2012,24.376,4.56867961444982
Kiribati,KIR,2012,49.082,5.80364100553874
Liechtenstein,LIE,2012,14.367,
Sri Lanka,LKA,2012,18.196,8.63218138024038
Lesotho,LSO,2012,25.704,6.33408374679448
Luxembourg,LUX,2012,89.249,1.64990202978652
Monaco,MCO,2012,100.0,1.01221841230461
Moldova,MDA,2012,42.558,-0.589733954762579
Madagascar,MDG,2012,33.227,3.01114811621208
Maldives,MDV,2012,37.267,2.36374748850361
Mali,MLI,2012,37.599,-0.83673463153076
Myanmar,MMR,2012,29.266,7.33267044704149
Mozambique,MOZ,2012,32.846,7.9945031610722
Malawi,MWI,2012,15.812,1.90000000072142
Niger,NER,2012,16.212,10.5489445763446
Nicaragua,NIC,2012,57.309,6.49597922902167
Nauru,NRU,2012,100.0,25.2793205022189
Oman,OMN,2012,77.564,8.86312225557018
Pakistan,PAK,2012,35.408,3.02758391088629
Panama,PAN,2012,65.741,9.62729346439019
Philippines,PHL,2012,45.712,6.89695170786769
Portugal,PRT,2012,61.763,-4.05090261868355
Paraguay,PRY,2012,59.907,-0.708043112316886
Qatar,QAT,2012,98.697,4.73001184360784
Rwanda,RWA,2012,16.943,8.64150815836322
Sierra Leone,SLE,2012,39.642,15.201748273464
El Salvador,SLV,2012,67.187,2.88770010188691
Suriname,SUR,2012,66.208,2.69034974668847
Eswatini,SWZ,2012,22.849,5.39663069666719
Sint Maarten (Dutch part),SXM,2012,100.0,1.39054456773131
Seychelles,SYC,2012,54.12,3.1106784939243
Togo,TGO,2012,38.546,6.30269542069151
Timor-Leste,TLS,2012,28.428,4.86062186827468
Tonga,TON,2012,23.435,0.91976790274731
Tuvalu,TUV,2012,56.815,-2.12765957446808
Ukraine,UKR,2012,68.782,0.152314967200653
Uruguay,URY,2012,94.739,3.53817872056869
Viet Nam,VNM,2012,31.752,5.5045447041189
Vanuatu,VUT,2012,24.661,1.01004768692042
Samoa,WSM,2012,19.624,-3.73213020890266
Kosovo,XKX,2012,,1.71219595890548
Zimbabwe,ZWE,2012,32.834,15.7448770803376
Aruba,ABW,2013,42.99,6.43148260418822
Afghanistan,AFG,2013,24.373,5.60074465863221
Angola,AGO,2013,62.002,4.95461303112738
Burundi,BDI,2013,11.482,4.92418989834684
Burkina Faso,BFA,2013,26.346,5.79258484509867
Bangladesh,BGD,2013,32.762,6.01360565834344
Belize,BLZ,2013,45.282,4.45432600686063
Botswana,BWA,2013,65.572,11.1028237779771
Canada,CAN,2013,81.178,2.32581357393478
Cabo Verde,CPV,2013,63.317,0.632136727385131
Costa Rica,CRI,2013,74.97,2.49476611209954
Cuba,CUB,2013,76.827,2.74760256257211
Curacao,CUW,2013,89.544,-0.635696907591139
Djibouti,DJI,2013,77.222,
France,FRA,2013,79.135,0.781756445913402
Gabon,GAB,2013,87.156,5.63869900338696
Ghana,GHA,2013,52.748,7.31252501678145
Gibraltar,GIB,2013,100.0,
Guatemala,GTM,2013,49.311,3.69481919881751
Guam,GUM,2013,94.364,1.69040835707501
Guyana,GUY,2013,26.4,3.65338433338232
Honduras,HND,2013,53.858,2.79155975746801
Iraq,IRQ,2013,69.595,7.62828592298754
Kazakhstan,KAZ,2013,57.046,5.99999999671084
Kenya,KEN,2013,24.794,3.7978483925754
Kiribati,KIR,2013,49.927,7.73091286402961
Liechtenstein,LIE,2013,14.334,
Sri Lanka,LKA,2013,18.198,4.05174632926911
Lesotho,LSO,2013,26.101,1.79252555575545
Luxembourg,LUX,2013,89.574,3.17179049916005
Monaco,MCO,2013,100.0,9.57709832354816
Moldova,MDA,2013,42.527,9.0438656074181
Madagascar,MDG,2013,33.878,2.30037622800727
Maldives,MDV,2013,37.685,6.96324663194412
Mali,MLI,2013,38.398,2.29506828962617
Myanmar,MMR,2013,29.457,8.42600102501767
Mozambique,MOZ,2013,33.36,6.57141389665537
Malawi,MWI,2013,15.966,5.41034999949837
Niger,NER,2013,16.208,5.31513063394726
Nicaragua,NIC,2013,57.505,4.92611504652518
Nauru,NRU,2013,100.0,3.64774041663625
Oman,OMN,2013,78.882,5.22770408145942
Pakistan,PAK,2013,35.613,4.36686504978387
Panama,PAN,2013,66.052,6.32435388662846
Philippines,PHL,2013,45.903,6.75053130394745
Portugal,PRT,2013,62.352,-0.984106758103536
Paraguay,PRY,2013,60.197,8.29307648940471
Qatar,QAT,2013,98.785,5.55604064306607
Rwanda,RWA,2013,16.947,4.71984856978263
Sierra Leone,SLE,2013,40.036,21.0790141636427
El Salvador,SLV,2013,68.036,2.18295232499635
Suriname,SUR,2013,66.14,2.9334416518612
Eswatini,SWZ,2013,22.999,3.86121379766628
Sint Maarten (Dutch part),SXM,2013,100.0,1.30673103459678
Seychelles,SYC,2013,54.537,1.25373496242949
Togo,TGO,2013,39.061,5.8242658324455
Timor-Leste,TLS,2013,28.779,3.10436683211147
Tonga,TON,2013,23.382,0.393913876447826
Tuvalu,TUV,2013,57.814,4.34782608695652
Ukraine,UKR,2013,68.875,0.045439094492707
Uruguay,URY,2013,94.843,4.63753862902416
Viet Nam,VNM,2013,32.429,5.55351081026072
Vanuatu,VUT,2013,24.761,0.463390415135095
Samoa,WSM,2013,19.385,0.107293276488932
Kosovo,XKX,2013,,5.34079911900278
Zimbabwe,ZWE,2013,32.654,3.1967308868621
Aruba,ABW,2014,43.041,-1.58657513817235
Afghanistan,AFG,2014,24.587,2.72454336219565
Angola,AGO,2014,62.731,4.82255926962156
Burundi,BDI,2014,11.776,4.24065021402657
Burkina Faso,BFA,2014,26.934,4.32684561452976
Bangladesh,BGD,2014,33.535,6.0610593588495
Belize,BLZ,2014,45.335,4.03084557750317
Botswana,BWA,2014,66.368,5.69477738185952
Canada,CAN,2014,81.218,2.87346677184995
Cabo Verde,CPV,2014,63.81,0.696666840118581
Costa Rica,CRI,2014,75.941,3.54210987765977
Cuba,CUB,2014,76.861,1.04757663187654
Curacao,CUW,2014,89.443,-0.637397373327133
Djibouti,DJI,2014,77.314,7.06154324233921
France,FRA,2014,79.394,0.997832937998666
Gabon,GAB,2014,87.651,4.31496444107469
Ghana,GHA,2014,53.419,2.85624016330883
Gibraltar,GIB,2014,100.0,
Guatemala,GTM,2014,49.634,4.44397758285268
Guam,GUM,2014,94.449,1.79305192379529
Guyana,GUY,2014,26.414,1.68649445019584
Honduras,HND,2014,54.514,3.0580805621437
Iraq,IRQ,2014,69.758,2.26368817563613
Kazakhstan,KAZ,2014,57.118,4.20000000566705
Kenya,KEN,2014,25.221,5.02011100232484
Kiribati,KIR,2014,50.773,1.26367022947325
Liechtenstein,LIE,2014,14.313,
Sri Lanka,LKA,2014,18.218,6.37797889289399
Lesotho,LSO,2014,26.502,1.71054990545476
Luxembourg,LUX,2014,89.884,2.62308601577192
Monaco,MCO,2014,100.0,7.18702777537968
Moldova,MDA,2014,42.496,4.99962585407656
Madagascar,MDG,2014,34.534,3.33920311195367
Maldives,MDV,2014,38.106,7.80109480695134
Mali,MLI,2014,39.196,7.08468388056527
Myanmar,MMR,2014,29.65,8.1699074556052
Mozambique,MOZ,2014,33.878,7.70256844839309
Malawi,MWI,2014,16.132,5.6252699997921
Niger,NER,2014,16.219,6.64213665495603
Nicaragua,NIC,2014,57.7,4.78649248722054
Nauru,NRU,2014,100.0,16.4233356386109
Oman,OMN,2014,80.145,1.29225229411081
Pakistan,PAK,2014,35.819,4.11642817161422
Panama,PAN,2014,66.371,4.62581375565551
Philippines,PHL,2014,46.093,6.34798748029741
Portugal,PRT,2014,62.936,0.741391470583679
Paraguay,PRY,2014,60.474,5.30123859237025
Qatar,QAT,2014,98.868,5.33432329196459
Rwanda,RWA,2014,16.967,6.16716615166932
Sierra Leone,SLE,2014,40.432,4.55925353270435
El Salvador,SLV,2014,68.874,1.7293998423459
Suriname,SUR,2014,66.089,0.255503031645475
Eswatini,SWZ,2014,23.149,1.71688783296895
Sint Maarten (Dutch part),SXM,2014,100.0,1.58038221539113
Seychelles,SYC,2014,54.969,4.0636918123521
Togo,TGO,2014,39.579,5.6332402182029
Timor-Leste,TLS,2014,29.133,4.47249846569638
Tonga,TON,2014,23.328,1.99054015465354
Tuvalu,TUV,2014,58.786,0.0
Ukraine,UKR,2014,68.968,-10.0788949856211
Uruguay,URY,2014,94.945,3.23879122952364
Viet Nam,VNM,2014,33.115,6.42224312118567
Vanuatu,VUT,2014,24.861,3.13686729438693
Samoa,WSM,2014,19.149,0.659923768782861
Kosovo,XKX,2014,,3.34880478431623
Zimbabwe,ZWE,2014,32.504,1.48454262162193
Aruba,ABW,2015,43.108,-0.623625902371245
Afghanistan,AFG,2015,24.803,1.45131466066431
Angola,AGO,2015,63.446,0.943571561325001
Burundi,BDI,2015,12.078,-3.9000000804855
Burkina Faso,BFA,2015,27.53,3.9212287937935
Bangladesh,BGD,2015,34.308,6.55263987816197
Belize,BLZ,2015,45.406,2.87618379515959
Botswana,BWA,2015,67.155,-4.85133564036167
Canada,CAN,2015,81.259,0.649970993709132
Cabo Verde,CPV,2015,64.3,0.936026507808833
Costa Rica,CRI,2015,76.862,3.65208096802883
Cuba,CUB,2015,76.896,4.4383335888395
Curacao,CUW,2015,89.352,0.458151544160046
Djibouti,DJI,2015,77.417,7.52610891881017
France,FRA,2015,79.655,1.06675473488909
Gabon,GAB,2015,88.118,3.8788993950789
Ghana,GHA,2015,54.086,2.12075933817334
Gibraltar,GIB,2015,100.0,
Guatemala,GTM,2015,49.971,4.09217081621244
Guam,GUM,2015,94.534,0.825688073394488
Guyana,GUY,2015,26.441,0.687404590619494
Honduras,HND,2015,55.165,3.84007997093951
Iraq,IRQ,2015,69.921,2.60676642939541
Kazakhstan,KAZ,2015,57.191,1.20000000053288
Kenya,KEN,2015,25.658,4.96772112759767
Kiribati,KIR,2015,51.619,11.2653381034544
Liechtenstein,LIE,2015,14.303,
Sri Lanka,LKA,2015,18.256,4.2059554759927
Lesotho,LSO,2015,26.908,3.12406678044546
Luxembourg,LUX,2015,90.179,2.26978448419565
Monaco,MCO,2015,100.0,4.91037176536236
Moldova,MDA,2015,42.49,-0.338235622387202
Madagascar,MDG,2015,35.193,3.13229807490305
Maldives,MDV,2015,38.529,3.97171570327362
Mali,MLI,2015,39.991,6.17180002424978
Myanmar,MMR,2015,29.858,6.99284029025125
Mozambique,MOZ,2015,34.4,7.3930936986377
Malawi,MWI,2015,16.313,2.80000000125513
Niger,NER,2015,16.247,4.39264883207291
Nicaragua,NIC,2015,57.895,4.79144081994679
Nauru,NRU,2015,100.0,2.69801727367511
Oman,OMN,2015,81.35,5.01705799719045
Pakistan,PAK,2015,36.026,4.21794209572506
Panama,PAN,2015,66.696,5.26691719595516
Philippines,PHL,2015,46.284,6.34830971539886
Portugal,PRT,2015,63.514,1.58979828893855
Paraguay,PRY,2015,60.75,2.95715173487106
Qatar,QAT,2015,98.945,4.75334572438737
Rwanda,RWA,2015,17.004,8.8568555974538
Sierra Leone,SLE,2015,40.829,-20.4910741067999
El Salvador,SLV,2015,69.7,2.40000008852115
Suriname,SUR,2015,66.056,-3.41304268067621
Eswatini,SWZ,2015,23.3,1.35489493183989
Sint Maarten (Dutch part),SXM,2015,100.0,0.105813149997005
Seychelles,SYC,2015,55.4,8.9140088750469
Togo,TGO,2015,40.1,5.46803129272737
Timor-Leste,TLS,2015,29.49,2.48004040218397
Tonga,TON,2015,23.275,1.11374405685874
Tuvalu,TUV,2015,59.73,10.4166666666667
Ukraine,UKR,2015,69.061,-9.77298721103519
Uruguay,URY,2015,95.045,0.370741257681345
Viet Nam,VNM,2015,33.809,6.98715430598611
Vanuatu,VUT,2015,24.961,0.366522075389213
Samoa,WSM,2015,18.914,3.8503618166494
Kosovo,XKX,2015,,5.91623128345211
Zimbabwe,ZWE,2015,32.385,2.02364999592871
Aruba,ABW,2016,43.192,1.71962497989442
Afghanistan,AFG,2016,25.02,2.26031420279821
Angola,AGO,2016,64.149,-2.58004964404932
Burundi,BDI,2016,12.388,-0.600000909116389
Burkina Faso,BFA,2016,28.134,5.95797670754024
Bangladesh,BGD,2016,35.083,7.11347821270093
Belize,BLZ,2016,45.495,0.0545516535970023
Botswana,BWA,2016,67.933,7.20442475914267
Canada,CAN,2016,81.3,1.03855093491798
Cabo Verde,CPV,2016,64.784,4.28071482662371
Costa Rica,CRI,2016,77.735,4.20432325175899
Cuba,CUB,2016,76.93,0.512843095700745
Curacao,CUW,2016,89.272,-1.06770848655277
Djibouti,DJI,2016,77.528,7.1234323372872
France,FRA,2016,79.917,0.860031082016107
Gabon,GAB,2016,88.559,2.09144220829562
Ghana,GHA,2016,54.749,3.37346574966936
Gibraltar,GIB,2016,100.0,
Guatemala,GTM,2016,50.319,2.67780255532826
Guam,GUM,2016,94.617,0.18198362147406
Guyana,GUY,2016,26.482,3.80745626378814
Honduras,HND,2016,55.813,3.89297219726413
Iraq,IRQ,2016,70.094,13.7873730187089
Kazakhstan,KAZ,2016,57.264,1.09999999910173
Kenya,KEN,2016,26.105,4.21351706814744
Kiribati,KIR,2016,52.45,7.08802960050427
Liechtenstein,LIE,2016,14.303,
Sri Lanka,LKA,2016,18.311,5.05362489256818
Lesotho,LSO,2016,27.317,3.60890731687714
Luxembourg,LUX,2016,90.46,4.97819043681629
Monaco,MCO,2016,100.0,3.00844358752744
Moldova,MDA,2016,42.511,4.64601436259409
Madagascar,MDG,2016,35.856,3.99314606199499
Maldives,MDV,2016,38.954,6.57223606622583
Mali,MLI,2016,40.783,5.85229919941415
Myanmar,MMR,2016,30.082,5.86247291517364
Mozambique,MOZ,2016,34.926,4.69699024225795
Malawi,MWI,2016,16.506,2.49999999902064
Niger,NER,2016,16.29,5.74089315058157
Nicaragua,NIC,2016,58.09,4.56295442923394
Nauru,NRU,2016,100.0,4.36324053905588
Oman,OMN,2016,82.5,5.04642394571691
Pakistan,PAK,2016,36.234,6.57383828511043
Panama,PAN,2016,67.027,4.57196707937275
Philippines,PHL,2016,46.475,7.14945675286656
Portugal,PRT,2016,64.086,2.00414109360487
Paraguay,PRY,2016,61.026,4.26802583314583
Qatar,QAT,2016,99.015,3.06419188430156
Rwanda,RWA,2016,17.056,5.97074525431094
Sierra Leone,SLE,2016,41.228,6.34672785193577
El Salvador,SLV,2016,70.501,2.53906241135864
Suriname,SUR,2016,66.04,-4.91166050905851
Eswatini,SWZ,2016,23.459,3.5289979506086
Sint Maarten (Dutch part),SXM,2016,100.0,0.96775836306881
Seychelles,SYC,2016,55.831,12.1175272453913
Togo,TGO,2016,40.628,4.21489560925825
Timor-Leste,TLS,2016,29.85,3.00993062553351
Tonga,TON,2016,23.222,6.59870436118344
Tuvalu,TUV,2016,60.645,5.66037735849056
Ukraine,UKR,2016,69.154,2.4409819445784
Uruguay,URY,2016,95.144,1.6897981652001
Viet Nam,VNM,2016,34.51,6.69000892660424
Vanuatu,VUT,2016,25.062,4.68875636558563
Samoa,WSM,2016,18.681,7.9838628784713
Kosovo,XKX,2016,,5.57177504731632
Zimbabwe,ZWE,2016,32.296,0.900955396308504
Aruba,ABW,2017,43.293,7.04853338603499
Afghanistan,AFG,2017,25.25,2.6470032027451
Angola,AGO,2017,64.839,-0.147212941085755
Burundi,BDI,2017,12.706,0.500001262429279
Burkina Faso,BFA,2017,28.743,6.20348941121868
Bangladesh,BGD,2017,35.858,6.59024999794057
Belize,BLZ,2017,45.601,-1.81285354051658
Botswana,BWA,2017,68.7,4.1143636634186
Canada,CAN,2017,81.35,3.03383490260789
Cabo Verde,CPV,2017,65.261,4.5513148102974
Costa Rica,CRI,2017,78.56,4.1576989627609
Cuba,CUB,2017,76.977,1.80979177212284
Curacao,CUW,2017,89.203,-1.2762081008495
Djibouti,DJI,2017,77.648,5.458091517212
France,FRA,2017,80.18,2.08361485062076
Gabon,GAB,2017,88.976,0.472642030911146
Ghana,GHA,2017,55.407,8.12889488100956
Gibraltar,GIB,2017,100.0,
Guatemala,GTM,2017,50.68,3.07985149125689
Guam,GUM,2017,94.699,0.890099909173486
Guyana,GUY,2017,26.538,3.73449154571284
Honduras,HND,2017,56.457,4.84291391050387
Iraq,IRQ,2017,70.278,-1.81975035118309
Kazakhstan,KAZ,2017,57.336,4.10000000257358
Kenya,KEN,2017,26.562,3.83795817364721
Kiribati,KIR,2017,53.262,3.74913001948165
Liechtenstein,LIE,2017,14.315,
Sri Lanka,LKA,2017,18.384,6.4606812707036
Lesotho,LSO,2017,27.73,-3.13817493733471
Luxembourg,LUX,2017,90.727,1.31718766293677
Monaco,MCO,2017,100.0,-3.20618323813213
Moldova,MDA,2017,42.557,4.17561205106279
Madagascar,MDG,2017,36.522,3.93330759462793
Maldives,MDV,2017,39.38,7.05453901381581
Mali,MLI,2017,41.572,5.30545608438166
Myanmar,MMR,2017,30.322,6.13610824360305
Mozambique,MOZ,2017,35.455,2.63820737310658
Malawi,MWI,2017,16.714,4.00000000038216
Niger,NER,2017,16.35,5.00536078615544
Nicaragua,NIC,2017,58.299,4.63253398090997
Nauru,NRU,2017,100.0,-6.01122998653516
Oman,OMN,2017,83.56,0.304057565922449
Pakistan,PAK,2017,36.442,4.43262590683975
Panama,PAN,2017,67.365,5.7440594635578
Philippines,PHL,2017,46.682,6.93098832521765
Portugal,PRT,2017,64.652,3.31472078233416
Paraguay,PRY,2017,61.3,4.81007885554041
Qatar,QAT,2017,99.078,-1.49760470227838
Rwanda,RWA,2017,17.125,3.91817093628465
Sierra Leone,SLE,2017,41.636,3.7538032140037
El Salvador,SLV,2017,71.275,2.24761908134138
Suriname,SUR,2017,66.041,1.56603782534897
Eswatini,SWZ,2017,23.625,2.46505860491378
Sint Maarten (Dutch part),SXM,2017,100.0,-7.53521399882428
Seychelles,SYC,2017,56.261,6.95416218794271
Togo,TGO,2017,41.162,4.00813326162304
Timor-Leste,TLS,2017,30.212,-3.18241522489195
Tonga,TON,2017,23.169,3.2023165092282
Tuvalu,TUV,2017,61.53,2.44839285714286
Ukraine,UKR,2017,69.246,2.35997228099491
Uruguay,URY,2017,95.24,1.74037648675632
Viet Nam,VNM,2017,35.213,6.94019037359206
Vanuatu,VUT,2017,25.163,6.31730538443077
Samoa,WSM,2017,18.452,1.40628239971301
Kosovo,XKX,2017,,4.82565565298054
Zimbabwe,ZWE,2017,32.237,4.08026390333053
Aruba,ABW,2018,43.411,2.39708527621045
Afghanistan,AFG,2018,25.495,1.18922812944517
Angola,AGO,2018,65.514,-1.31636168896895
Burundi,BDI,2018,13.032,1.60993542127714
Burkina Faso,BFA,2018,29.358,6.60456906812341
Bangladesh,BGD,2018,36.632,7.31941263014136
Belize,BLZ,2018,45.724,1.11057125008675
Botswana,BWA,2018,69.446,4.18809355373698
Canada,CAN,2018,81.411,2.74296343112555
Cabo Verde,CPV,2018,65.732,3.70696458310842
Costa Rica,CRI,2018,79.34,2.6159044043379
Cuba,CUB,2018,77.037,2.24794854086232
Curacao,CUW,2018,89.145,-2.10411133101029
Djibouti,DJI,2018,77.777,4.7744168883374
France,FRA,2018,80.444,1.64590872932709
Gabon,GAB,2018,89.37,0.83791658082157
Ghana,GHA,2018,56.06,6.20007768127284
Gibraltar,GIB,2018,100.0,
Guatemala,GTM,2018,51.054,3.40687339997949
Guam,GUM,2018,94.78,-0.828231904933389
Guyana,GUY,2018,26.606,4.44091288475967
Honduras,HND,2018,57.096,3.84499476966735
Iraq,IRQ,2018,70.473,2.63385099105624
Kazakhstan,KAZ,2018,57.428,4.09999999309841
Kenya,KEN,2018,27.03,5.64794640709219
Kiribati,KIR,2018,54.057,3.47943880004293
Liechtenstein,LIE,2018,14.338,
Sri Lanka,LKA,2018,18.476,2.31008425192161
Lesotho,LSO,2018,28.153,-1.48063315848241
Luxembourg,LUX,2018,90.981,1.21932191856359
Monaco,MCO,2018,100.0,5.69790121192926
Moldova,MDA,2018,42.629,4.07559546585034
Madagascar,MDG,2018,37.191,3.19435651744398
Maldives,MDV,2018,39.808,8.66800624215867
Mali,MLI,2018,42.356,4.74648432724561
Myanmar,MMR,2018,30.579,6.26886221471075
Mozambique,MOZ,2018,35.988,3.48493202422782
Malawi,MWI,2018,16.937,4.35356471619211
Niger,NER,2018,16.425,7.21141802762897
Nicaragua,NIC,2018,58.522,-3.36368764606334
Nauru,NRU,2018,100.0,-1.21912201456978
Oman,OMN,2018,84.539,1.28710391543288
Pakistan,PAK,2018,36.666,6.15170261099519
Panama,PAN,2018,67.709,3.91819807389903
Philippines,PHL,2018,46.907,6.34148557098946
Portugal,PRT,2018,65.211,2.94628241620853
Paraguay,PRY,2018,61.585,3.20425034076639
Qatar,QAT,2018,99.135,1.23487220191065
Rwanda,RWA,2018,17.211,8.51646722592409
Sierra Leone,SLE,2018,42.055,3.47290262012454
El Salvador,SLV,2018,72.023,2.4124442237792
Suriname,SUR,2018,66.06,4.94827108468886
Eswatini,SWZ,2018,23.799,0.769171433736886
Sint Maarten (Dutch part),SXM,2018,100.0,-6.85698299227944
Seychelles,SYC,2018,56.691,4.93947272254312
Togo,TGO,2018,41.702,4.7950602703237
Timor-Leste,TLS,2018,30.578,-0.466502170658785
Tonga,TON,2018,23.131,0.68755058264442
Tuvalu,TUV,2018,62.387,1.38728384151602
Ukraine,UKR,2018,69.352,3.4883623420827
Uruguay,URY,2018,95.334,0.164777659980814
Viet Nam,VNM,2018,35.919,7.46500685572751
Vanuatu,VUT,2018,25.274,2.90023027256446
Samoa,WSM,2018,18.243,-0.609647103380141
Kosovo,XKX,2018,,3.40663227056285
Zimbabwe,ZWE,2018,32.209,5.00986678330221
Aruba,ABW,2019,43.546,-2.23244039160568
Afghanistan,AFG,2019,25.754,3.91160341625552
Angola,AGO,2019,66.177,-0.702272957616017
Burundi,BDI,2019,13.366,1.81256532401552
Burkina Faso,BFA,2019,29.98,5.88920497068135
Bangladesh,BGD,2019,37.405,7.88191515117722
Belize,BLZ,2019,45.866,4.26763689618086
Botswana,BWA,2019,70.172,3.0322025744566
Canada,CAN,2019,81.482,1.9084319253883
Cabo Verde,CPV,2019,66.195,6.94782634051859
Costa Rica,CRI,2019,80.076,2.41751181762513
Cuba,CUB,2019,77.109,-0.163087223606624
Curacao,CUW,2019,89.098,-3.20613219619177
Djibouti,DJI,2019,77.915,5.5451305999467
France,FRA,2019,80.709,2.02744647639635
Gabon,GAB,2019,89.741,3.92080879452831
Ghana,GHA,2019,56.707,6.5077747939152
Gibraltar,GIB,2019,100.0,
Guatemala,GTM,2019,51.439,4.0178979343828
Guam,GUM,2019,94.859,2.52360203340596
Guyana,GUY,2019,26.689,5.35284003535665
Honduras,HND,2019,57.73,2.55963434592314
Iraq,IRQ,2019,70.678,5.51379057540518
Kazakhstan,KAZ,2019,57.54,4.50000000091883
Kenya,KEN,2019,27.507,5.11415885767801
Kiribati,KIR,2019,54.835,3.26425930432951
Liechtenstein,LIE,2019,14.371,
Sri Lanka,LKA,2019,18.585,-0.220483886072614
Lesotho,LSO,2019,28.585,-1.41799383085205
Luxembourg,LUX,2019,91.223,2.9158479150005
Monaco,MCO,2019,100.0,7.12088951975396
Moldova,MDA,2019,42.726,3.5523140853476
Madagascar,MDG,2019,37.861,4.41123212909589
Maldives,MDV,2019,40.238,7.29833574515027
Mali,MLI,2019,43.136,4.75616080770808
Myanmar,MMR,2019,30.852,6.57911006765414
Mozambique,MOZ,2019,36.528,2.31781394821475
Malawi,MWI,2019,17.174,5.71682519194337
Niger,NER,2019,16.517,5.93985257123522
Nicaragua,NIC,2019,58.76,-2.89702791954369
Nauru,NRU,2019,100.0,8.48673659193109
Oman,OMN,2019,85.443,-1.12863801728058
Pakistan,PAK,2019,36.907,2.49763692943365
Panama,PAN,2019,68.059,3.10306788630359
Philippines,PHL,2019,47.149,6.11852566118505
Portugal,PRT,2019,65.764,2.74568471619554
Paraguay,PRY,2019,61.879,-0.40185510068001
Qatar,QAT,2019,99.188,0.688240959581748
Rwanda,RWA,2019,17.313,9.44738518613097
Sierra Leone,SLE,2019,42.484,5.50270937378153
El Salvador,SLV,2019,72.746,2.43747159065784
Suriname,SUR,2019,66.095,1.16758977233877
Eswatini,SWZ,2019,23.981,4.96212142479391
Sint Maarten (Dutch part),SXM,2019,100.0,10.9650009352392
Seychelles,SYC,2019,57.119,5.5142920737342
Togo,TGO,2019,42.248,4.92292591685973
Timor-Leste,TLS,2019,30.947,24.2128840085001
Tonga,TON,2019,23.107,-0.208437487640992
Tuvalu,TUV,2019,63.215,13.8220984406966
Ukraine,UKR,2019,69.473,3.19950386231294
Uruguay,URY,2019,95.426,0.928351033363754
Viet Nam,VNM,2019,36.628,7.35926270105006
Vanuatu,VUT,2019,25.394,3.24118765540442
Samoa,WSM,2019,18.056,4.45185891688691
Kosovo,XKX,2019,,4.75680057007834
Zimbabwe,ZWE,2019,32.21,-6.33244640703352
Aruba,ABW,2020,43.697,-26.2118207828803
Afghanistan,AFG,2020,26.026,-2.35110067203466
Angola,AGO,2020,66.825,-5.63821471714934
Burundi,BDI,2020,13.708,0.327156892638385
Burkina Faso,BFA,2020,30.607,2.01077262406221
Bangladesh,BGD,2020,38.177,3.44801755122445
Belize,BLZ,2020,46.025,-13.9029100645218
Botswana,BWA,2020,70.877,-8.72875252639037
Canada,CAN,2020,81.562,-5.03823344128351
Cabo Verde,CPV,2020,66.652,-20.8052758990735
Costa Rica,CRI,2020,80.771,-4.27335432161462
Cuba,CUB,2020,77.194,-10.9490846048862
Curacao,CUW,2020,89.062,-18.4384703505393
Djibouti,DJI,2020,78.062,1.31636324158441
France,FRA,2020,80.975,-7.44064593044142
Gabon,GAB,2020,90.092,-1.8377610635094
Ghana,GHA,2020,57.349,0.513941670628171
Gibraltar,GIB,2020,100.0,
Guatemala,GTM,2020,51.836,-1.78555194467604
Guam,GUM,2020,94.938,-10.5188595714539
Guyana,GUY,2020,26.786,43.479651716849
Honduras,HND,2020,58.359,-8.96508223267296
Iraq,IRQ,2020,70.893,-12.0367930931001
Kazakhstan,KAZ,2020,57.671,-2.49999999628
Kenya,KEN,2020,27.995,-0.272766327438816
Kiribati,KIR,2020,55.594,-0.562016449352072
Liechtenstein,LIE,2020,14.416,
Sri Lanka,LKA,2020,18.713,-4.62451503662909
Lesotho,LSO,2020,29.028,-8.15595879914267
Luxembourg,LUX,2020,91.453,-0.909829798886719
Monaco,MCO,2020,100.0,-13.2391048292108
Moldova,MDA,2020,42.849,-8.27597831976949
Madagascar,MDG,2020,38.534,-7.13767162064489
Maldives,MDV,2020,40.669,-32.9088287752921
Mali,MLI,2020,43.909,-1.235450447077
Myanmar,MMR,2020,31.141,-9.04834717984643
Mozambique,MOZ,2020,37.074,-1.21952250011192
Malawi,MWI,2020,17.427,0.793596429787286
Niger,NER,2020,16.626,3.55064109436891
Nicaragua,NIC,2020,59.012,-1.75595289214087
Nauru,NRU,2020,100.0,1.98181949377276
Oman,OMN,2020,86.276,-3.37972052697999
Pakistan,PAK,2020,37.165,-1.27408744338709
Panama,PAN,2020,68.414,-17.8212299695008
Philippines,PHL,2020,47.408,-9.5182947406494
Portugal,PRT,2020,66.31,-8.20463206255478
Paraguay,PRY,2020,62.183,-0.819785390971916
Qatar,QAT,2020,99.235,-3.55760399909477
Rwanda,RWA,2020,17.432,-3.37368746369782
Sierra Leone,SLE,2020,42.923,-1.2533490322766
El Salvador,SLV,2020,73.444,-7.893101359867
Suriname,SUR,2020,66.149,-15.9751917148622
Eswatini,SWZ,2020,24.171,-2.88706296038356
Sint Maarten (Dutch part),SXM,2020,100.0,-13.3167887221567
Seychelles,SYC,2020,57.546,-11.7398608281732
Togo,TGO,2020,42.8,1.99215501870344
Timor-Leste,TLS,2020,31.32,31.7257416721413
Tonga,TON,2020,23.099,1.78339492959161
Tuvalu,TUV,2020,64.014,-4.27493206901397
Ukraine,UKR,2020,69.608,-3.7528179386597
Uruguay,URY,2020,95.515,-7.38014184479323
Viet Nam,VNM,2020,37.34,2.86541320912272
Vanuatu,VUT,2020,25.525,-4.99249142889525
Samoa,WSM,2020,17.889,-3.10844401053139
Kosovo,XKX,2020,,-5.34027547826166
Zimbabwe,ZWE,2020,32.242,-7.81695064681365
